<?xml version="1.0" encoding="utf-8"?><feed xmlns="http://www.w3.org/2005/Atom" ><generator uri="https://jekyllrb.com/" version="4.2.2">Jekyll</generator><link href="http://localhost:4000/feed.xml" rel="self" type="application/atom+xml" /><link href="http://localhost:4000/" rel="alternate" type="text/html" /><updated>2022-04-10T13:15:43+09:00</updated><id>http://localhost:4000/feed.xml</id><title type="html">인규노트</title><subtitle>데사에 관한 내용을 정리한 블로그</subtitle><author><name>HwangInKyu</name><email>hwanginkyu42@naver.com</email></author><entry><title type="html">실시간으로 반영하게 하기</title><link href="http://localhost:4000/3rd/" rel="alternate" type="text/html" title="실시간으로 반영하게 하기" /><published>2022-04-10T00:00:00+09:00</published><updated>2022-04-10T00:00:00+09:00</updated><id>http://localhost:4000/3rd</id><content type="html" xml:base="http://localhost:4000/3rd/"><![CDATA[<h1 id="실시간으로-반영하게-하기">실시간으로 반영하게 하기</h1>

<ul>
  <li>https://www.youtube.com/watch?v=0TeHUqSAb6Q&amp;list=PLIMb_GuNnFwfQBZQwD-vCZENL5YLDZekr&amp;index=3</li>
</ul>

<hr />

<p>실시간으로 반영이 되난 감?</p>

<p>아니가?</p>]]></content><author><name>HwangInKyu</name><email>hwanginkyu42@naver.com</email></author><summary type="html"><![CDATA[실시간으로 반영하게 하기]]></summary></entry><entry><title type="html">이미지 추가</title><link href="http://localhost:4000/2nd/" rel="alternate" type="text/html" title="이미지 추가" /><published>2022-04-07T00:00:00+09:00</published><updated>2022-04-07T00:00:00+09:00</updated><id>http://localhost:4000/2nd</id><content type="html" xml:base="http://localhost:4000/2nd/"><![CDATA[<h1 id="깃허브-블로그-이미지-추가-연습">깃허브 블로그 이미지 추가 연습</h1>

<ul>
  <li>https://www.youtube.com/watch?v=1UEOWcKcVdk&amp;list=PLIMb_GuNnFwfQBZQwD-vCZENL5YLDZekr&amp;index=2</li>
</ul>

<hr />

<p><img src="../images/2022-04-07-2nd/꿈의 크기-16495194769581.jpg" alt="꿈의 크기" /></p>]]></content><author><name>HwangInKyu</name><email>hwanginkyu42@naver.com</email></author><summary type="html"><![CDATA[깃허브 블로그 이미지 추가 연습]]></summary></entry><entry><title type="html">첫 포스트 입니다.</title><link href="http://localhost:4000/first/" rel="alternate" type="text/html" title="첫 포스트 입니다." /><published>2022-04-07T00:00:00+09:00</published><updated>2022-04-07T00:00:00+09:00</updated><id>http://localhost:4000/first</id><content type="html" xml:base="http://localhost:4000/first/"><![CDATA[<h1 id="오늘-처음-블로그를-만들었어요">오늘 처음 블로그를 만들었어요</h1>

<p>앞으로 열심히 해보겠습니다.
<strong>오도근</strong> 멘토님 깃허브 블로그의 존재를 알려주셔서 감사합니다.</p>

<h2 id="깃허브-블로그를-하는-이유">깃허브 블로그를 하는 이유:</h2>
<ol>
  <li>기존 블로그
    <ul>
      <li>장점: 바로 이용 가능</li>
      <li>단점: 커스텀 하기 불편</li>
    </ul>
  </li>
  <li>직접 만들어 보기
    <ul>
      <li>장점: 원하는데로 가능</li>
      <li>단점: 학습할게 너무 많은, 호스팅 비용</li>
      <li>잠정적으론 시도 해볼 예정</li>
    </ul>
  </li>
  <li>깃허브 페이지 만들기
    <ul>
      <li>장점: 비교적 선택의 폭이 넓음</li>
      <li>장점: 호스팅 비용이 없음</li>
    </ul>
  </li>
</ol>]]></content><author><name>HwangInKyu</name><email>hwanginkyu42@naver.com</email></author><summary type="html"><![CDATA[오늘 처음 블로그를 만들었어요]]></summary></entry></feed>